,count,mean,std,min,25%,50%,75%,max
tenure,7043.0,32.37114865824223,24.55948102309446,0.0,9.0,29.0,55.0,72.0
MonthlyCharges,7043.0,64.76169246059918,30.090047097678493,18.25,35.5,70.35,89.85,118.75
TotalCharges,7043.0,2281.9169281556156,2265.270398482188,18.8,402.225,1397.475,3786.6,8684.8
